NUMBER, DRIVER_NUMBER, LAP_NUMBER, LAP_IMPROVEMENT, CROSSING_FINISH_LINE_IN_PIT, S1, S1_IMPROVEMENT, S2, S2_IMPROVEMENT, S3, S3_IMPROVEMENT, KPH, ELAPSED, HOUR,S1_LARGE,S2_LARGE,S3_LARGE,DRIVER_NAME,PIT_TIME,GROUP,TEAM,POWER,LOCATION,EVENT
5,1,3,0,,34.31,0,39.865,0,51.36,0,96.9,06:18.4,21:18.4,00:34.3,00:39.9,00:51.4,SVANDOO,,,Ml,235.0,Location 2,Free Practice 2
71,1,2,0,,26.354,0,38.472,0,45.154,0,110.6,04:40.5,19:40.5,00:26.4,00:38.5,00:45.2,NN,,,ROK ,,Location 2,Free Practice 2
94,1,2,0,,27.113,0,35.777,0,46.182,0,111.6,04:37.0,19:37.0,00:27.1,00:35.8,00:46.2,AL,,,MAHINDRAd,,Location 2,Free Practice 2
99,1,2,0,,28.179,0,37.287,0,45.969,0,109.2,04:50.1,19:50.1,00:28.2,00:37.3,00:46.0,PWEHRL,,,TAG ,235.0,Location 2,Free Practice 2
17,1,4,0,,27.057,0,35.273,0,43.713,0,114.7,08:30.0,08:30.0,00:27.1,00:35.3,00:43.7,NVR,,,ME,,Location 2,Free Practice 1
17,1,18,2,,24.841,2,32.583,2,42.715,0,121.5,43:02.6,43:02.6,00:24.8,00:32.6,00:42.7,NVR,,,ME,250.0,Location 2,Free Practice 1
22,1,7,0,,26.713,0,34.61,0,43.587,0,116.0,13:41.5,13:41.5,00:26.7,00:34.6,00:43.6,OROWL,,,N ,,Location 2,Free Practice 1
25,1,3,0,,53.969,0,35.601,0,46.394,0,89.5,06:46.3,06:46.3,00:54.0,00:35.6,00:46.4,JVER,,,DS¬â,,Location 2,Free Practice 1
25,1,8,0,,32.31,0,48.123,0,01:05.8,0,83.2,16:38.2,16:38.2,00:32.3,00:48.1,01:05.8,JVER,,,DS¬â,,Location 2,Free Practice 1
33,1,6,0,,26.866,0,34.49,0,43.779,0,115.7,12:06.6,12:06.6,00:26.9,00:34.5,00:43.8,RR,,,AR,,Location 2,Free Practice 1
37,1,1,0,,56.052,0,40.792,0,51.143,0,82.2,02:28.0,02:28.0,00:56.1,00:40.8,00:51.1,N,00:22.0,,EA,,Location 2,Free Practice 1
4,1,15,0,B,25.992,0,33.571,0,48.488,0,112.6,34:10.8,34:10.8,00:26.0,00:33.6,00:48.5,RFRI,,,EF,,Location 2,Free Practice 1
48,1,11,0,,26.146,0,33.71,0,42.474,0,118.9,21:35.3,21:35.3,00:26.1,00:33.7,00:42.5,EMORT,,,ROKo,,Location 2,Free Practice 1
5,1,10,0,,07:24.1,0,39.68,0,45.819,0,23.0,26:17.6,26:17.6,07:24.1,00:39.7,00:45.8,SVANDOO,06:51.9,,Ml,,Location 2,Free Practice 1
8,1,13,0,,26.19,0,34.477,0,42.932,0,117.5,27:30.4,27:30.4,00:26.2,00:34.5,00:42.9,OTUR,,,NIO ,,Location 2,Free Practice 1
99,1,7,0,,30.338,0,41.783,0,54.162,0,96.4,14:41.1,14:41.1,00:30.3,00:41.8,00:54.2,PWEHRL,,,TAG ,,Location 2,Free Practice 1
88,1,2,0,,27.627,0,36.312,0,47.996,0,108.7,03:51.3,27:51.3,00:27.6,00:36.3,00:48.0,TB,,4.0,NIOO,250.0,Location 2,Qualifying Group 4
11,1,10,0,,22.408,0,20.185,0,32.495,0,119.6,21:39.0,06:39.0,00:22.4,00:20.2,00:32.5,LGRA,,,AD,,Location 1,Free Practice 3
22,1,6,0,,26.922,0,21.363,0,39.214,0,102.7,08:06.3,53:06.3,00:26.9,00:21.4,00:39.2,OROWL,,,N ,,Location 1,Free Practice 3
33,1,4,0,,22.495,0,18.305,0,29.938,0,127.0,05:35.0,50:35.0,00:22.5,00:18.3,00:29.9,RR,,,AR,,Location 1,Free Practice 3
5,1,8,0,,22.522,0,18.502,0,29.865,0,126.7,10:43.8,55:43.8,00:22.5,00:18.5,00:29.9,SVANDOO,,,Ml,,Location 1,Free Practice 3
7,1,13,0,,01:29.5,0,20.283,0,35.527,0,61.8,25:54.3,10:54.3,01:29.5,00:20.3,00:35.5,S¬ÇM,01:17.2,,DRAGONo,,Location 1,Free Practice 3
7,1,16,0,B,25.455,0,21.168,0,42.503,0,100.8,29:49.5,14:49.5,00:25.5,00:21.2,00:42.5,S¬ÇM,,,DRAGONo,235.0,Location 1,Free Practice 3
94,1,5,0,,22.843,0,19.375,0,34.431,0,117.2,07:27.6,52:27.6,00:22.8,00:19.4,00:34.4,AL,,,MAHINDRAd,,Location 1,Free Practice 3
13,1,1,0,,01:34.4,0,20.448,0,32.499,0,61.0,02:27.4,10:27.4,01:34.4,00:20.4,00:32.5,ACO,01:13.2,2.0,DSo,,Location 1,Qualifying Group 2
13,1,20,2,,32.879,2,34.698,2,29.494,2,125.2,44:18.9,44:18.9,00:32.9,00:34.7,00:29.5,ACO,,,DSo,250.0,Location 3,Free Practice 3
22,1,13,0,,03:46.0,0,39.885,0,31.224,0,40.9,30:31.9,30:31.9,03:46.0,00:39.9,00:31.2,OROWL,03:14.3,,N ,,Location 3,Free Practice 3
23,1,4,0,,34.545,0,36.247,0,36.074,0,113.7,07:20.9,07:20.9,00:34.5,00:36.2,00:36.1,SBU,,,Nt,,Location 3,Free Practice 3
29,1,3,0,,34.307,0,35.853,0,29.965,0,121.4,06:22.4,06:22.4,00:34.3,00:35.9,00:30.0,AS,,,MAHINDRAd,,Location 3,Free Practice 3
37,1,9,0,,32.095,3,34.69,0,29.463,0,126.3,22:25.7,22:25.7,00:32.1,00:34.7,00:29.5,N,,,EA,250.0,Location 3,Free Practice 3
6,1,9,0,,33.334,0,35.351,0,29.91,0,123.3,22:04.5,22:04.5,00:33.3,00:35.4,00:29.9,N¬úL,,,DRAGON√É,,Location 3,Free Practice 3
71,1,8,0,,33.905,0,35.686,0,30.476,0,121.5,19:02.8,19:02.8,00:33.9,00:35.7,00:30.5,NN,,,ROK ,,Location 3,Free Practice 3
88,1,18,2,,32.342,2,34.439,2,29.617,0,126.1,44:02.8,44:02.8,00:32.3,00:34.4,00:29.6,TB,,,NIOO,250.0,Location 3,Free Practice 3
13,1,1,0,,51.913,0,36.651,0,31.33,0,101.4,01:59.9,09:59.9,00:51.9,00:36.7,00:31.3,ACO,00:16.2,2.0,DSo,,Location 3,Qualifying Group 2
6,1,3,2,,32.288,2,33.515,2,28.785,2,128.5,05:22.8,13:22.8,00:32.3,00:33.5,00:28.8,N¬úL,,2.0,DRAGON√É,250.0,Location 3,Qualifying Group 2
71,1,1,0,,54.072,0,36.458,0,31.057,0,100.0,02:01.6,26:01.6,00:54.1,00:36.5,00:31.1,NN,00:19.8,4.0,ROK ,,Location 3,Qualifying Group 4
13,1,4,0,,28.158,0,30.359,0,28.833,0,122.9,06:15.6,21:15.6,00:28.2,00:30.4,00:28.8,ACO,,,DSo,,Location 5,Free Practice 3
36,1,6,0,,27.522,0,29.678,0,29.214,0,124.2,09:44.7,24:44.7,00:27.5,00:29.7,00:29.2,ALOTTE,,,TAG ,,Location 5,Free Practice 3
37,1,4,0,,28.899,0,30.338,0,29.258,0,121.3,06:34.0,21:34.0,00:28.9,00:30.3,00:29.3,N,,,EA,,Location 5,Free Practice 3
37,1,5,0,,28.042,0,30.165,0,29.139,0,122.9,08:01.3,23:01.3,00:28.0,00:30.2,00:29.1,N,,,EA,,Location 5,Free Practice 3
5,1,10,0,,27.57,0,29.701,0,28.856,0,124.6,15:24.2,30:24.2,00:27.6,00:29.7,00:28.9,SVANDOO,,,Ml,,Location 5,Free Practice 3
8,1,6,0,,27.655,0,30.305,0,28.953,0,123.5,10:21.6,25:21.6,00:27.7,00:30.3,00:29.0,OTUR,,,NIO ,,Location 5,Free Practice 3
99,1,5,0,,27.448,0,30.066,0,29,0,124.1,08:26.5,23:26.5,00:27.4,00:30.1,00:29.0,PWEHRL,,,TAG ,,Location 5,Free Practice 3
29,1,1,0,,02:28.6,0,34.172,0,31.119,0,50.2,03:33.9,11:33.9,02:28.6,00:34.2,00:31.1,AS,02:00.4,2.0,MAHINDRAd,250.0,Location 5,Qualifying Group 2
22,1,2,3,,26.373,2,28.782,4,27.897,2,129.3,05:13.3,21:13.3,00:26.4,00:28.8,00:27.9,OROWL,,3.0,N ,250.0,Location 5,Qualifying Group 3
10,1,21,2,,23.379,2,26.765,2,18.846,2,121.1,43:08.1,58:08.1,00:23.4,00:26.8,00:18.8,SB,,,JR,250.0,Location 6,Free Practice 3
10,1,22,0,,27.66,0,38.91,0,22.648,0,93.6,44:37.3,59:37.3,00:27.7,00:38.9,00:22.6,SB,,,JR,,Location 6,Free Practice 3
22,1,7,0,,24.16,0,31.04,0,22.217,0,107.9,09:51.0,24:51.0,00:24.2,00:31.0,00:22.2,OROWL,,,N ,,Location 6,Free Practice 3
27,1,7,0,,24.341,0,27.298,0,19.393,0,117.6,09:40.3,24:40.3,00:24.3,00:27.3,00:19.4,J,,,BMWE,,Location 6,Free Practice 3
27,1,20,0,,30.721,0,36.25,0,22.978,0,92.9,30:56.2,45:56.2,00:30.7,00:36.2,00:23.0,J,,,BMWE,,Location 6,Free Practice 3
36,1,2,0,,26.557,0,30.305,0,24.149,0,103.1,03:24.8,18:24.8,00:26.6,00:30.3,00:24.1,ALOTTE,,,TAG ,,Location 6,Free Practice 3
37,1,3,0,,24.503,0,27.512,0,19.826,0,116.3,04:26.9,19:26.9,00:24.5,00:27.5,00:19.8,N,,,EA,,Location 6,Free Practice 3
5,1,4,0,,33.975,0,35.83,0,27.248,0,86.1,11:55.8,26:55.8,00:34.0,00:35.8,00:27.2,SVANDOO,,,Ml,235.0,Location 6,Free Practice 3
71,1,5,0,,24.143,0,27.289,0,19.429,0,117.9,13:09.9,28:09.9,00:24.1,00:27.3,00:19.4,NN,,,ROK ,250.0,Location 6,Free Practice 3
71,1,21,0,,34.88,0,30.881,0,22,0,95.2,41:31.6,56:31.6,00:34.9,00:30.9,00:22.0,NN,08:02.0,,ROK ,,Location 6,Free Practice 3
88,1,9,0,,24.407,0,28.144,0,20.069,0,115.0,12:29.0,27:29.0,00:24.4,00:28.1,00:20.1,TB,,,NIOO,,Location 6,Free Practice 3
88,1,16,0,B,24.794,0,30.015,0,05:49.4,0,20.7,30:19.8,45:19.8,00:24.8,00:30.0,05:49.4,TB,,,NIOO,,Location 6,Free Practice 3
94,1,18,0,B,27.246,0,29.21,0,12:11.7,0,10.6,41:51.1,56:51.1,00:27.2,00:29.2,12:11.7,AL,,,MAHINDRAd,,Location 6,Free Practice 3
10,1,6,0,,33.167,0,46.225,0,52.099,0,92.5,12:40.2,12:40.2,00:33.2,00:46.2,00:52.1,SB,,,JR,,Location 2,Free Practice 3
11,1,3,0,,26.362,0,34.478,0,47.27,0,112.6,06:20.7,06:20.7,00:26.4,00:34.5,00:47.3,LGRA,,,AD,,Location 2,Free Practice 3
13,1,9,0,,26.457,0,33.732,0,42.735,0,118.2,17:28.4,17:28.4,00:26.5,00:33.7,00:42.7,ACO,,,DSo,,Location 2,Free Practice 3
22,1,6,0,,28.766,0,42.34,0,56.125,0,95.6,11:47.1,11:47.1,00:28.8,00:42.3,00:56.1,OROWL,,,N ,,Location 2,Free Practice 3
23,1,14,0,B,28.291,0,36.274,0,50.451,0,105.8,30:50.3,30:50.3,00:28.3,00:36.3,00:50.5,SBU,,,Nt,,Location 2,Free Practice 3
25,1,1,0,,49.845,0,43.589,0,53.912,0,82.6,02:27.3,02:27.3,00:49.8,00:43.6,00:53.9,JVER,00:12.1,,DS¬â,,Location 2,Free Practice 3
29,1,16,0,,29.704,0,40.053,0,52.663,0,99.4,44:55.2,44:55.2,00:29.7,00:40.1,00:52.7,AS,,,MAHINDRAd,250.0,Location 2,Free Practice 3
33,1,10,0,B,26.863,0,34.953,0,47.648,0,111.2,22:24.2,22:24.2,00:26.9,00:35.0,00:47.6,RR,,,AR,,Location 2,Free Practice 3
4,1,12,0,,07:36.7,0,43.026,0,50.465,0,22.1,35:01.5,35:01.5,07:36.7,00:43.0,00:50.5,RFRI,07:02.4,,EF,,Location 2,Free Practice 3
88,1,11,0,,28.601,0,36.974,0,47.536,0,107.6,28:19.4,28:19.4,00:28.6,00:37.0,00:47.5,TB,,,NIOO,235.0,Location 2,Free Practice 3
36,1,2,0,,29.25,2,38.504,2,48.517,4,104.7,04:11.0,28:11.0,00:29.3,00:38.5,00:48.5,ALOTTE,,4.0,TAG ,,Location 2,Qualifying Group 4
10,1,10,0,,26.772,0,32.54,0,29.472,0,91.3,16:44.5,16:44.5,00:26.8,00:32.5,00:29.5,SB,,,JR,235.0,Location 7,Free Practice 2
27,1,5,0,,26.811,0,33.558,0,30.259,0,89.5,08:34.8,08:34.8,00:26.8,00:33.6,00:30.3,J,,,BMWE,,Location 7,Free Practice 2
28,1,5,0,,27.072,0,34.157,0,30.511,0,88.4,09:21.9,09:21.9,00:27.1,00:34.2,00:30.5,M¬úNT,,,BMWl,,Location 7,Free Practice 2
36,1,15,0,,01:50.8,0,40.15,0,32.719,0,44.1,26:05.1,26:05.1,01:50.8,00:40.2,00:32.7,ALOTTE,01:28.5,,TAG ,,Location 7,Free Practice 2
48,1,1,0,,01:31.8,0,41.696,0,38.393,0,47.2,02:51.9,02:51.9,01:31.8,00:41.7,00:38.4,EMORT,01:06.1,,ROKo,,Location 7,Free Practice 2
94,1,7,0,,26.894,0,32.459,0,29.886,0,90.8,12:32.3,12:32.3,00:26.9,00:32.5,00:29.9,AL,,,MAHINDRAd,,Location 7,Free Practice 2
23,1,21,0,B,29.496,0,33.743,0,34.92,0,82.6,41:01.0,41:01.0,00:29.5,00:33.7,00:34.9,SBU,,,Nt,250.0,Location 7,Free Practice 1
27,1,1,0,,46.963,0,37.913,0,32.43,0,69.1,01:57.3,01:57.3,00:47.0,00:37.9,00:32.4,J,00:22.0,,BMWE,,Location 7,Free Practice 1
4,1,5,0,,01:36.0,0,36.708,0,31.652,0,49.3,09:43.9,09:43.9,01:36.0,00:36.7,00:31.7,RFRI,01:14.4,,EF,,Location 7,Free Practice 1
8,1,7,0,,26.572,0,31.595,0,28.737,0,93.3,11:59.0,11:59.0,00:26.6,00:31.6,00:28.7,OTUR,,,NIO ,,Location 7,Free Practice 1
94,1,7,0,,26.094,0,30.725,0,28.134,0,95.4,11:24.9,11:24.9,00:26.1,00:30.7,00:28.1,AL,,,MAHINDRAd,,Location 7,Free Practice 1
10,1,11,0,,28.94,0,42.883,0,30.628,0,116.6,22:15.1,37:15.1,00:28.9,00:42.9,00:30.6,SB,,,JR,,Location 4,Free Practice 2
17,1,12,0,B,32.138,0,41.852,0,05:41.8,0,28.7,26:26.0,41:26.0,00:32.1,00:41.9,05:41.8,NVR,,,ME,,Location 4,Free Practice 2
17,1,14,2,,26.543,2,39.075,2,26.008,2,130.4,29:48.9,44:48.9,00:26.5,00:39.1,00:26.0,NVR,,,ME,250.0,Location 4,Free Practice 2
20,1,3,0,,28.132,0,43.322,0,28.443,0,119.6,06:52.5,21:52.5,00:28.1,00:43.3,00:28.4,MEV,,,JE,235.0,Location 4,Free Practice 2
23,1,9,0,,29.248,0,41.929,0,27.82,0,120.7,18:17.4,33:17.4,00:29.2,00:41.9,00:27.8,SBU,,,Nt,,Location 4,Free Practice 2
37,1,8,0,,29.236,0,41.574,0,29.455,0,119.1,14:47.2,29:47.2,00:29.2,00:41.6,00:29.5,N,,,EA,,Location 4,Free Practice 2
5,1,12,0,B,31.148,0,45.985,0,04:47.6,0,32.8,26:31.4,41:31.4,00:31.1,00:46.0,04:47.6,SVANDOO,,,Ml,,Location 4,Free Practice 2
94,1,7,0,B,29.95,0,41.657,0,03:59.9,0,38.3,17:10.0,32:10.0,00:29.9,00:41.7,03:59.9,AL,,,MAHINDRAd,,Location 4,Free Practice 2
17,1,1,0,,02:27.9,0,49.295,0,32.576,0,52.0,03:49.8,03:49.8,02:27.9,00:49.3,00:32.6,NVR,01:48.7,1.0,ME,250.0,Location 4,Qualifying Group 1
33,1,1,0,,02:33.1,0,46.083,0,36.915,0,50.6,03:56.1,03:56.1,02:33.1,00:46.1,00:36.9,RR,01:59.3,1.0,AR,250.0,Location 4,Qualifying Group 1
17,1,15,0,,27.032,0,39.869,0,26.235,0,128.3,39:38.0,39:38.0,00:27.0,00:39.9,00:26.2,NVR,,,ME,235.0,Location 4,Free Practice 1
23,1,8,0,,29.007,0,41.819,0,27.613,0,121.3,17:39.9,17:39.9,00:29.0,00:41.8,00:27.6,SBU,,,Nt,,Location 4,Free Practice 1
36,1,6,0,,28.629,0,41.433,0,27.192,0,122.8,11:35.6,11:35.6,00:28.6,00:41.4,00:27.2,ALOTTE,,,TAG ,,Location 4,Free Practice 1
48,1,15,0,B,33.02,0,42.906,0,01:42.1,0,67.1,39:49.3,39:49.3,00:33.0,00:42.9,01:42.1,EMORT,,,ROKo,,Location 4,Free Practice 1
6,1,5,0,,29.084,0,41.604,0,27.974,0,121.1,15:27.0,15:27.0,00:29.1,00:41.6,00:28.0,N¬úL,,,DRAGON√É,,Location 4,Free Practice 1
8,1,5,0,,29.967,0,42.426,0,28.001,0,119.0,10:35.2,10:35.2,00:30.0,00:42.4,00:28.0,OTUR,,,NIO ,,Location 4,Free Practice 1
94,1,10,0,,29.677,0,41.864,0,29.438,0,118.3,21:29.3,21:29.3,00:29.7,00:41.9,00:29.4,AL,,,MAHINDRAd,,Location 4,Free Practice 1
88,1,5,2,,27.29,0,39.302,2,26.038,2,129.0,13:07.8,37:07.8,00:27.3,00:39.3,00:26.0,TB,,4.0,NIOO,250.0,Location 4,Qualifying Group 4
10,1,2,0,,27.461,0,29.679,0,29.159,0,124.4,03:55.7,18:55.7,00:27.5,00:29.7,00:29.2,SB,,,JR,,Location 5,Free Practice 2
10,1,4,0,,27.31,0,29.788,0,29.174,0,124.4,07:30.5,22:30.5,00:27.3,00:29.8,00:29.2,SB,,,JR,,Location 5,Free Practice 2
17,1,6,0,,30.474,0,32.342,0,42.516,0,101.9,10:02.4,25:02.4,00:30.5,00:32.3,00:42.5,NVR,,,ME,,Location 5,Free Practice 2
25,1,6,0,,04:11.9,0,42.344,0,34.134,0,32.7,13:57.1,28:57.1,04:11.9,00:42.3,00:34.1,JVER,04:08.5,,DS¬â,235.0,Location 5,Free Practice 2
36,1,1,0,,01:12.6,0,37.949,0,42.914,0,69.9,02:33.5,17:33.5,01:12.6,00:37.9,00:42.9,ALOTTE,00:43.8,,TAG ,235.0,Location 5,Free Practice 2
36,1,10,2,,27.26,0,29.666,0,29.262,0,124.6,16:58.4,31:58.4,00:27.3,00:29.7,00:29.3,ALOTTE,,,TAG ,,Location 5,Free Practice 2
5,1,16,0,,01:06.6,0,35.4,0,41.594,0,74.8,30:01.8,45:01.8,01:06.6,00:35.4,00:41.6,SVANDOO,01:04.2,,Ml,,Location 5,Free Practice 2
8,1,3,0,,27.525,0,32.513,0,33.091,0,115.3,05:52.5,20:52.4,00:27.5,00:32.5,00:33.1,OTUR,,,NIO ,,Location 5,Free Practice 2
88,1,10,0,,31.806,0,35.524,0,32.803,0,107.2,18:40.8,33:40.8,00:31.8,00:35.5,00:32.8,TB,,,NIOO,,Location 5,Free Practice 2
94,1,1,0,,02:06.6,0,37.299,0,29.827,0,55.4,03:13.7,18:13.7,02:06.6,00:37.3,00:29.8,AL,01:39.1,,MAHINDRAd,,Location 5,Free Practice 2
11,1,12,0,,27.96,0,30.711,0,33.007,0,117.1,48:38.6,48:38.6,00:28.0,00:30.7,00:33.0,LGRA,,,AD,,Location 5,Free Practice 1
20,1,7,0,,56.514,0,34.496,0,38.464,0,82.9,41:11.5,41:11.5,00:56.5,00:34.5,00:38.5,MEV,28:33.9,,JE,,Location 5,Free Practice 1
23,1,17,2,,27.183,2,30.442,0,28.406,2,124.8,59:55.9,59:55.9,00:27.2,00:30.4,00:28.4,SBU,,,Nt,250.0,Location 5,Free Practice 1
25,1,6,0,,28.793,0,30.91,0,29.571,0,120.3,48:24.0,48:24.0,00:28.8,00:30.9,00:29.6,JVER,,,DS¬â,,Location 5,Free Practice 1
27,1,13,0,,27.444,0,31.068,0,29.265,0,122.3,51:57.7,51:57.7,00:27.4,00:31.1,00:29.3,J,,,BMWE,250.0,Location 5,Free Practice 1
28,1,1,0,,02:14.8,0,36.716,0,33.36,0,52.4,03:24.8,03:24.8,02:14.8,00:36.7,00:33.4,M¬úNT,01:45.2,,BMWl,,Location 5,Free Practice 1
28,1,8,0,,27.874,0,32.207,0,30.193,0,118.9,42:35.0,42:35.0,00:27.9,00:32.2,00:30.2,M¬úNT,,,BMWl,,Location 5,Free Practice 1
48,1,8,0,,34.687,0,40.321,0,31.772,0,100.5,44:35.3,44:35.3,00:34.7,00:40.3,00:31.8,EMORT,,,ROKo,,Location 5,Free Practice 1
48,1,12,0,B,31.307,0,34.642,0,03:06.1,0,42.6,53:47.2,53:47.2,00:31.3,00:34.6,03:06.1,EMORT,,,ROKo,,Location 5,Free Practice 1
88,1,2,0,,32.396,0,34.081,0,01:01.1,0,84.2,05:00.7,05:00.7,00:32.4,00:34.1,01:01.1,TB,,,NIOO,,Location 5,Free Practice 1
94,1,13,0,B,29.754,0,31.707,0,01:33.9,0,69.1,51:25.7,51:25.7,00:29.8,00:31.7,01:33.9,AL,,,MAHINDRAd,,Location 5,Free Practice 1
11,1,1,0,,01:05.9,0,34.474,0,34.707,0,90.0,02:15.0,17:15.0,01:05.9,00:34.5,00:34.7,LGRA,00:30.8,,AD,,Location 3,Free Practice 2
37,1,12,0,,03:59.6,0,34.074,0,27.954,0,40.3,29:15.0,44:15.0,03:59.6,00:34.1,00:28.0,N,03:28.8,,EA,250.0,Location 3,Free Practice 2
99,1,7,0,B,31.88,0,33.845,0,31.639,0,124.8,11:46.8,26:46.8,00:31.9,00:33.8,00:31.6,PWEHRL,,,TAG ,,Location 3,Free Practice 2
13,1,9,0,,43.536,0,41.538,0,32.187,0,103.6,15:45.1,35:45.1,00:43.5,00:41.5,00:32.2,ACO,,,DSo,,Location 3,Free Practice 1
23,1,18,2,,29.618,2,31.449,2,26.507,2,138.8,37:52.2,57:52.2,00:29.6,00:31.4,00:26.5,SBU,,,Nt,250.0,Location 3,Free Practice 1
28,1,11,0,,30.392,0,32.294,0,27.439,0,134.9,22:10.8,42:10.8,00:30.4,00:32.3,00:27.4,M¬úNT,,,BMWl,,Location 3,Free Practice 1
33,1,18,0,,06:20.8,0,33.233,0,31.136,0,27.3,42:33.0,02:33.0,06:20.8,00:33.2,00:31.1,RR,05:52.7,,AR,250.0,Location 3,Free Practice 1
37,1,2,0,,31.763,0,01:02.7,0,29.691,0,97.9,04:35.1,24:35.1,00:31.8,01:02.7,00:29.7,N,,,EA,,Location 3,Free Practice 1
4,1,18,0,,08:50.9,0,36.349,0,29.074,0,20.4,42:55.6,02:55.6,08:50.9,00:36.3,00:29.1,RFRI,08:22.1,,EF,250.0,Location 3,Free Practice 1
8,1,11,0,,02:31.0,0,35.206,0,29.269,0,56.4,21:45.5,41:45.5,02:31.0,00:35.2,00:29.3,OTUR,01:57.4,,NIO ,,Location 3,Free Practice 1
23,1,14,0,,03:04.3,0,21.485,0,32.908,0,37.6,27:52.1,27:52.1,03:04.3,00:21.5,00:32.9,SBU,02:51.2,,Nt,,Location 1,Free Practice 2
27,1,10,2,,22.382,2,18.761,0,29.6,2,127.0,23:17.2,23:17.2,00:22.4,00:18.8,00:29.6,J,,,BMWE,235.0,Location 1,Free Practice 2
28,1,5,0,,22.791,0,18.344,0,29.672,0,126.9,10:14.3,10:14.3,00:22.8,00:18.3,00:29.7,M¬úNT,,,BMWl,,Location 1,Free Practice 2
29,1,11,2,,22.843,0,18.146,2,29.088,2,128.2,21:48.4,21:48.4,00:22.8,00:18.1,00:29.1,AS,,,MAHINDRAd,235.0,Location 1,Free Practice 2
4,1,7,0,B,23.294,0,19.423,0,38.829,0,110.1,22:42.7,22:42.7,00:23.3,00:19.4,00:38.8,RFRI,,,EF,,Location 1,Free Practice 2
6,1,3,0,,23.139,0,18.509,2,29.85,2,125.6,04:40.2,04:40.2,00:23.1,00:18.5,00:29.9,N¬úL,,,DRAGON√É,,Location 1,Free Practice 2
6,1,8,2,,22.59,2,18.589,0,29.932,0,126.3,10:56.9,10:56.9,00:22.6,00:18.6,00:29.9,N¬úL,,,DRAGON√É,,Location 1,Free Practice 2
94,1,9,0,B,30.383,0,44.141,0,01:16.9,0,59.3,13:38.5,13:38.5,00:30.4,00:44.1,01:16.9,AL,,,MAHINDRAd,,Location 1,Free Practice 2
13,1,11,0,,23.132,0,18.669,0,34.471,0,117.8,15:42.3,30:42.3,00:23.1,00:18.7,00:34.5,ACO,,,DSo,,Location 1,Free Practice 1
20,1,13,0,,27.938,0,20.928,0,34.477,0,107.8,18:58.8,33:58.8,00:27.9,00:20.9,00:34.5,MEV,,,JE,,Location 1,Free Practice 1
23,1,19,0,,23.225,0,19.282,0,31.835,0,120.8,44:52.5,59:52.5,00:23.2,00:19.3,00:31.8,SBU,,,Nt,,Location 1,Free Practice 1
25,1,6,0,,23.695,0,19.606,0,31.047,0,120.8,08:34.1,23:34.1,00:23.7,00:19.6,00:31.0,JVER,,,DS¬â,,Location 1,Free Practice 1
28,1,22,0,,02:17.9,0,18.847,0,29.994,0,48.1,36:52.3,51:52.3,02:17.9,00:18.8,00:30.0,M¬úNT,02:07.4,,BMWl,250.0,Location 1,Free Practice 1
33,1,11,0,,23.577,0,20.207,0,33.262,0,116.6,15:48.5,30:48.5,00:23.6,00:20.2,00:33.3,RR,,,AR,,Location 1,Free Practice 1
36,1,9,0,,28.721,0,24.022,0,43.183,0,93.6,13:27.7,28:27.7,00:28.7,00:24.0,00:43.2,ALOTTE,,,TAG ,,Location 1,Free Practice 1
6,1,2,0,,53.26,0,27.176,0,37.999,0,75.8,04:07.3,19:07.3,00:53.3,00:27.2,00:38.0,N¬úL,,,DRAGON√É,,Location 1,Free Practice 1
7,1,11,0,,23.452,0,19.203,0,31.153,0,121.7,15:35.9,30:35.9,00:23.5,00:19.2,00:31.2,S¬ÇM,,,DRAGONo,,Location 1,Free Practice 1
7,1,20,2,,22.424,0,18.34,0,29.243,2,128.3,30:36.4,45:36.4,00:22.4,00:18.3,00:29.2,S¬ÇM,,,DRAGONo,235.0,Location 1,Free Practice 1
71,1,9,0,,24.258,0,19.938,0,30.973,0,119.5,13:08.9,28:08.9,00:24.3,00:19.9,00:31.0,NN,,,ROK ,,Location 1,Free Practice 1
99,1,4,0,,24.181,0,19.934,0,31.569,0,118.7,06:26.6,21:26.6,00:24.2,00:19.9,00:31.6,PWEHRL,,,TAG ,,Location 1,Free Practice 1
88,1,1,0,,01:23.2,0,22.5,0,37.433,0,62.7,02:23.2,26:23.2,01:23.2,00:22.5,00:37.4,TB,00:58.3,4.0,NIOO,,Location 1,Qualifying Group 4
33,1,1,0,,01:35.9,0,21.21,0,32.494,0,60.0,02:29.6,18:29.6,01:35.9,00:21.2,00:32.5,RR,01:15.1,3.0,AR,,Location 1,Qualifying Group 3
17,1,16,0,B,30.201,0,31.934,0,59.653,0,68.6,27:21.4,42:21.4,00:30.2,00:31.9,00:59.7,NVR,,,ME,,Location 6,Free Practice 2
23,1,10,0,,40.324,0,31.548,0,24.614,0,86.6,16:27.8,31:27.8,00:40.3,00:31.5,00:24.6,SBU,03:01.6,,Nt,,Location 6,Free Practice 2
36,1,16,0,,32.611,0,29.589,0,20.408,0,101.1,23:16.7,38:16.7,00:32.6,00:29.6,00:20.4,ALOTTE,01:36.3,,TAG ,250.0,Location 6,Free Practice 2
37,1,13,0,B,24.716,0,28.039,0,07:40.2,0,16.3,27:17.6,42:17.6,00:24.7,00:28.0,07:40.2,N,,,EA,,Location 6,Free Practice 2
8,1,9,0,B,24.984,0,33.519,0,02:15.8,0,43.0,14:41.6,29:41.6,00:25.0,00:33.5,02:15.8,OTUR,,,NIO ,,Location 6,Free Practice 2
8,1,14,0,,24.039,0,27.704,0,19.694,0,116.9,21:36.8,36:36.8,00:24.0,00:27.7,00:19.7,OTUR,,,NIO ,,Location 6,Free Practice 2
99,1,9,0,,24.789,0,28.356,0,19.945,0,114.3,12:05.7,27:05.7,00:24.8,00:28.4,00:19.9,PWEHRL,,,TAG ,,Location 6,Free Practice 2
99,1,18,0,,34.948,0,31.126,0,21.891,0,94.9,26:14.2,41:14.2,00:34.9,00:31.1,00:21.9,PWEHRL,02:31.5,,TAG ,,Location 6,Free Practice 2
10,1,10,0,,36.152,0,36.767,0,20.606,0,89.3,15:06.2,15:06.2,00:36.2,00:36.8,00:20.6,SB,,,JR,,Location 6,Free Practice 1
23,1,7,0,,24.683,0,28.591,0,20.144,0,113.8,10:36.0,10:36.0,00:24.7,00:28.6,00:20.1,SBU,,,Nt,,Location 6,Free Practice 1
27,1,4,0,,24.859,0,28.459,0,20.408,0,113.3,06:57.3,06:57.3,00:24.9,00:28.5,00:20.4,J,,,BMWE,,Location 6,Free Practice 1
29,1,5,0,,24.801,0,28.49,0,20.39,0,113.4,08:57.3,08:57.3,00:24.8,00:28.5,00:20.4,AS,,,MAHINDRAd,,Location 6,Free Practice 1
36,1,1,0,,01:15.5,0,31.875,0,26.987,0,62.2,02:14.4,02:14.4,01:15.5,00:31.9,00:27.0,ALOTTE,00:40.4,,TAG ,,Location 6,Free Practice 1
36,1,8,0,,35.954,0,40.678,0,22.524,0,84.2,12:18.2,12:18.2,00:36.0,00:40.7,00:22.5,ALOTTE,,,TAG ,,Location 6,Free Practice 1
36,1,14,0,,24.008,2,35.326,0,25.664,0,98.3,25:29.3,25:29.3,00:24.0,00:35.3,00:25.7,ALOTTE,,,TAG ,,Location 6,Free Practice 1
6,1,18,2,,23.874,2,27.573,2,19.523,2,117.7,27:35.0,27:35.0,00:23.9,00:27.6,00:19.5,J,,,DRAGONR,235.0,Location 6,Free Practice 1
7,1,4,0,,26.073,0,28.949,0,20.624,0,110.4,06:48.7,06:48.7,00:26.1,00:28.9,00:20.6,S¬ÇM,,,DRAGONo,,Location 6,Free Practice 1
22,1,8,0,,24.333,0,22.041,0,24.035,0,120.4,17:41.1,17:41.1,00:24.3,00:22.0,00:24.0,OROWL,,,N ,,Location 8,Free Practice 2
33,1,14,0,,23.38,0,20.783,0,22.718,2,126.8,29:50.9,29:50.9,00:23.4,00:20.8,00:22.7,RR,,,AR,250.0,Location 8,Free Practice 2
48,1,13,0,,24.602,0,26.034,0,25.695,0,111.1,23:13.6,23:13.6,00:24.6,00:26.0,00:25.7,EMORT,,,ROKo,,Location 8,Free Practice 2
88,1,4,0,,27.736,0,34.342,0,32.21,0,89.9,06:41.9,06:41.9,00:27.7,00:34.3,00:32.2,TB,,,NIOO,,Location 8,Free Practice 2
88,1,15,0,B,24.384,0,22.398,0,04:16.3,0,28.0,27:10.2,27:10.2,00:24.4,00:22.4,04:16.3,TB,,,NIOO,,Location 8,Free Practice 2
99,1,2,0,,25.149,0,24.962,0,35.163,0,99.4,03:22.7,03:22.7,00:25.1,00:25.0,00:35.2,PWEHRL,,,TAG ,,Location 8,Free Practice 2
10,1,12,0,,24.033,0,21.853,0,23.592,0,122.0,15:52.2,15:52.2,00:24.0,00:21.9,00:23.6,SB,,,JR,,Location 8,Free Practice 1
13,1,16,0,,23.795,0,21.644,0,24.257,0,121.6,27:37.4,27:37.4,00:23.8,00:21.6,00:24.3,ACO,,,DSo,,Location 8,Free Practice 1
17,1,5,0,,24.665,0,22.172,0,24.172,0,119.4,06:54.3,06:54.3,00:24.7,00:22.2,00:24.2,NVR,,,ME,,Location 8,Free Practice 1
22,1,25,0,B,24.779,0,22.544,0,01:12.1,0,71.0,43:43.0,43:43.0,00:24.8,00:22.5,01:12.1,OROWL,,,N ,250.0,Location 8,Free Practice 1
25,1,14,0,,24.256,0,22.502,0,24.264,0,119.4,21:47.1,21:47.1,00:24.3,00:22.5,00:24.3,JVER,,,DS¬â,,Location 8,Free Practice 1
27,1,9,0,,23.798,0,21.616,0,23.598,0,122.8,12:09.2,12:09.2,00:23.8,00:21.6,00:23.6,J,,,BMWE,,Location 8,Free Practice 1
27,1,22,0,,26.363,0,26.165,0,27.786,0,105.6,32:43.9,32:43.9,00:26.4,00:26.2,00:27.8,J,,,BMWE,235.0,Location 8,Free Practice 1
28,1,12,0,,25.862,0,25.66,0,25.235,0,110.5,19:01.1,19:01.1,00:25.9,00:25.7,00:25.2,M¬úNT,,,BMWl,,Location 8,Free Practice 1
29,1,25,0,,29.711,0,27.022,0,24.137,0,104.8,44:28.4,44:28.4,00:29.7,00:27.0,00:24.1,AS,,,MAHINDRAd,,Location 8,Free Practice 1
4,1,10,0,,24.602,0,22.076,0,24.297,0,119.5,13:49.0,13:49.0,00:24.6,00:22.1,00:24.3,RFRI,,,EF,,Location 8,Free Practice 1
5,1,30,0,,23.975,0,21.724,0,23.696,0,122.2,45:07.1,45:07.1,00:24.0,00:21.7,00:23.7,SVANDOO,,,Ml,,Location 8,Free Practice 1
71,1,24,0,B,25.537,0,22.322,0,01:12.8,0,70.3,44:24.0,44:24.0,00:25.5,00:22.3,01:12.8,NN,,,ROK ,250.0,Location 8,Free Practice 1
71,1,25,0,,34.888,0,23.007,0,26.823,0,100.1,45:48.7,45:48.7,00:34.9,00:23.0,00:26.8,NN,00:56.2,,ROK ,,Location 8,Free Practice 1
94,1,25,2,,23.223,2,20.813,2,22.948,2,126.6,45:08.3,45:08.3,00:23.2,00:20.8,00:22.9,AL,,,MAHINDRAd,250.0,Location 8,Free Practice 1
17,1,14,0,,23.607,0,22.213,0,24.432,0,120.7,18:39.2,48:39.2,00:23.6,00:22.2,00:24.4,NVR,,,ME,,Location 8,Free Practice 2
20,1,6,0,,23.71,0,22.156,0,24.157,0,121.1,08:25.0,38:25.0,00:23.7,00:22.2,00:24.2,MEV,,,JE,,Location 8,Free Practice 2
27,1,5,0,,27.91,0,28.184,0,26.928,0,102.1,07:35.4,37:35.4,00:27.9,00:28.2,00:26.9,J,,,BMWE,,Location 8,Free Practice 2
28,1,6,0,,23.034,0,21.66,0,23.923,0,123.6,11:52.4,41:52.4,00:23.0,00:21.7,00:23.9,M¬úNT,,,BMWl,,Location 8,Free Practice 2
28,1,17,0,,23.137,0,21.796,0,23.975,0,123.0,30:53.6,00:53.6,00:23.1,00:21.8,00:24.0,M¬úNT,,,BMWl,,Location 8,Free Practice 2
7,1,4,0,,23.894,0,22.275,0,24.379,0,120.2,05:11.9,35:11.9,00:23.9,00:22.3,00:24.4,S¬ÇM,,,DRAGONo,,Location 8,Free Practice 2
10,1,4,0,,01:21.4,0,24.114,0,25.188,0,64.8,06:23.4,06:23.4,01:21.4,00:24.1,00:25.2,SB,01:02.5,,JR,,Location 8,Free Practice 1
13,1,1,0,,01:14.0,0,24.556,0,25.863,0,68.1,02:04.5,02:04.5,01:14.0,00:24.6,00:25.9,ACO,00:48.6,,DSo,,Location 8,Free Practice 1
17,1,7,0,,27.224,0,28.691,0,26.805,0,102.5,10:35.4,10:35.4,00:27.2,00:28.7,00:26.8,NVR,,,ME,235.0,Location 8,Free Practice 1
20,1,4,0,,01:00.9,0,24.036,0,28.333,0,74.8,06:04.1,06:04.1,01:00.9,00:24.0,00:28.3,MEV,00:42.0,,JE,,Location 8,Free Practice 1
23,1,6,0,B,27.411,0,28.001,0,30.453,0,98.7,08:35.0,08:35.0,00:27.4,00:28.0,00:30.5,SBU,,,Nt,,Location 8,Free Practice 1
27,1,2,0,,25.157,0,22.753,0,25.03,0,116.2,03:00.5,03:00.5,00:25.2,00:22.8,00:25.0,J,,,BMWE,,Location 8,Free Practice 1
28,1,11,0,,25.35,0,30.85,0,27.533,0,101.3,14:30.1,14:30.1,00:25.4,00:30.8,00:27.5,M¬úNT,,,BMWl,,Location 8,Free Practice 1
4,1,15,2,,22.854,2,21.01,2,23.498,2,125.9,28:34.5,28:34.5,00:22.9,00:21.0,00:23.5,RFRI,,,EF,250.0,Location 8,Free Practice 1
5,1,3,0,B,23.53,0,25.733,0,33.135,0,102.9,04:30.7,04:30.7,00:23.5,00:25.7,00:33.1,SVANDOO,,,Ml,,Location 8,Free Practice 1
5,1,19,0,,01:04.4,0,25.627,0,25.518,0,73.4,25:55.9,25:55.9,01:04.4,00:25.6,00:25.5,SVANDOO,00:45.6,,Ml,250.0,Location 8,Free Practice 1
5,1,20,2,,22.658,2,20.994,2,23.404,2,126.4,27:02.9,27:02.9,00:22.7,00:21.0,00:23.4,SVANDOO,,,Ml,250.0,Location 8,Free Practice 1
7,1,3,0,B,24.28,0,22.699,0,28.818,0,111.9,03:54.9,03:54.9,00:24.3,00:22.7,00:28.8,S¬ÇM,,,DRAGONo,,Location 8,Free Practice 1
88,1,19,0,,23.951,0,22.271,0,25.142,0,118.8,30:11.3,30:11.3,00:24.0,00:22.3,00:25.1,TB,,,NIOO,,Location 8,Free Practice 1
